{"unix_time_now": 1730620874, "date_now": "2024-11-03", "data": {"London": [{"Tenure": "03/25", "Match_price_USD_TON": 4208, "Match_price_USD_LB": 190.75249320036266, "Change_USD_TON": -73, "Change_USD_LB": -3.3091568449682685, "Highest_USD_TON": 4316, "Highest_USD_LB": 195.64823209428832, "Lowest_USD_TON": 4190, "Lowest_USD_LB": 189.9365367180417, "Mass_USD_TON": 4720, "Mass_USD_LB": 213.96192203082504, "Open_USD_TON": 4315, "Open_USD_LB": 195.60290117860382, "Day_before_USD_TON": 4281, "Day_before_USD_LB": 194.06165004533094, "Open_Contract_USD_TON": 20810, "Open_Contract_USD_LB": 943.336355394379}, {"Tenure": "05/25", "Match_price_USD_TON": 4150, "Match_price_USD_LB": 188.12330009066184, "Change_USD_TON": -66, "Change_USD_LB": -2.991840435176791, "Highest_USD_TON": 4244, "Highest_USD_LB": 192.38440616500455, "Lowest_USD_TON": 4137, "Lowest_USD_LB": 187.53399818676337, "Mass_USD_TON": 1456, "Mass_USD_LB": 66.00181323662738, "Open_USD_TON": 4241, "Open_USD_LB": 192.24841341795104, "Day_before_USD_TON": 4216, "Day_before_USD_LB": 191.11514052583863, "Open_Contract_USD_TON": 5446, "Open_Contract_USD_LB": 246.87216681776974}, {"Tenure": "07/25", "Match_price_USD_TON": 4075, "Match_price_USD_LB": 184.72348141432457, "Change_USD_TON": -70, "Change_USD_LB": -3.173164097914778, "Highest_USD_TON": 4174, "Highest_USD_LB": 189.21124206708976, "Lowest_USD_TON": 4064, "Lowest_USD_LB": 184.22484134179513, "Mass_USD_TON": 232, "Mass_USD_LB": 10.516772438803265, "Open_USD_TON": 4168, "Open_USD_LB": 188.9392565729828, "Day_before_USD_TON": 4145, "Day_before_USD_LB": 187.89664551223936, "Open_Contract_USD_TON": 1471, "Open_Contract_USD_LB": 66.68177697189483}], "New York": [{"Tenure": "03/25", "Match_price_USD_TON": 5347.344, "Match_price_USD_LB": 242.4, "Change_USD_TON": -68.386, "Change_USD_LB": -3.1, "Highest_USD_TON": 5483.013, "Highest_USD_LB": 248.55, "Lowest_USD_TON": 5312.048, "Lowest_USD_LB": 240.8, "Mass_USD_TON": 463039.39999999997, "Mass_USD_LB": 20990, "Open_USD_TON": 5416.833, "Open_USD_LB": 245.55, "Day_before_USD_TON": 5415.73, "Day_before_USD_LB": 245.5, "Open_Contract_USD_TON": 1614262.5599999998, "Open_Contract_USD_LB": 73176}, {"Tenure": "05/25", "Match_price_USD_TON": 5324.181, "Match_price_USD_LB": 241.35, "Change_USD_TON": -68.386, "Change_USD_LB": -3.1, "Highest_USD_TON": 5455.438, "Highest_USD_LB": 247.3, "Lowest_USD_TON": 5286.679, "Lowest_USD_LB": 239.65, "Mass_USD_TON": 239770.13999999998, "Mass_USD_LB": 10869, "Open_USD_TON": 5392.566999999999, "Open_USD_LB": 244.45, "Day_before_USD_TON": 5392.566999999999, "Day_before_USD_LB": 244.45, "Open_Contract_USD_TON": 704817.0, "Open_Contract_USD_LB": 31950}, {"Tenure": "07/25", "Match_price_USD_TON": 5276.7519999999995, "Match_price_USD_LB": 239.2, "Change_USD_TON": -65.077, "Change_USD_LB": -2.95, "Highest_USD_TON": 5405.803, "Highest_USD_LB": 245.05, "Lowest_USD_TON": 5239.25, "Lowest_USD_LB": 237.5, "Mass_USD_TON": 136860.24, "Mass_USD_LB": 6204, "Open_USD_TON": 5355.065, "Open_USD_LB": 242.75, "Day_before_USD_TON": 5341.829, "Day_before_USD_LB": 242.15, "Open_Contract_USD_TON": 337518.0, "Open_Contract_USD_LB": 15300}]}}