{"unix_time_now": 1731146462, "date_now": "2024-11-09", "data": {"London": [{"Tenure": "01/25", "Match_price_USD_TON": 4376, "Match_price_USD_LB": 198.36808703535812, "Change_USD_TON": -110, "Change_USD_LB": -4.986400725294652, "Highest_USD_TON": 4475, "Highest_USD_LB": 202.8558476881233, "Lowest_USD_TON": 4369, "Lowest_USD_LB": 198.05077062556666, "Mass_USD_TON": 5309, "Mass_USD_LB": 240.66183136899366, "Open_USD_TON": 4475, "Open_USD_LB": 202.8558476881233, "Day_before_USD_TON": 4486, "Day_before_USD_LB": 203.35448776065277, "Open_Contract_USD_TON": 37906, "Open_Contract_USD_LB": 1718.3136899365368}, {"Tenure": "03/25", "Match_price_USD_TON": 4318, "Match_price_USD_LB": 195.73889392565732, "Change_USD_TON": -106, "Change_USD_LB": -4.805077062556664, "Highest_USD_TON": 4414, "Highest_USD_LB": 200.090661831369, "Lowest_USD_TON": 4308, "Lowest_USD_LB": 195.28558476881233, "Mass_USD_TON": 4185, "Mass_USD_LB": 189.70988213961922, "Open_USD_TON": 4414, "Open_USD_LB": 200.090661831369, "Day_before_USD_TON": 4424, "Day_before_USD_LB": 200.54397098821397, "Open_Contract_USD_TON": 22222, "Open_Contract_USD_LB": 1007.3436083408885}, {"Tenure": "05/25", "Match_price_USD_TON": 4263, "Match_price_USD_LB": 193.24569356300998, "Change_USD_TON": -102, "Change_USD_LB": -4.623753399818677, "Highest_USD_TON": 4341, "Highest_USD_LB": 196.78150498640073, "Lowest_USD_TON": 4256, "Lowest_USD_LB": 192.92837715321852, "Mass_USD_TON": 1060, "Mass_USD_LB": 48.05077062556664, "Open_USD_TON": 4337, "Open_USD_LB": 196.60018132366275, "Day_before_USD_TON": 4365, "Day_before_USD_LB": 197.86944696282865, "Open_Contract_USD_TON": 6767, "Open_Contract_USD_LB": 306.75430643699}, {"Tenure": "07/25", "Match_price_USD_TON": 4183, "Match_price_USD_LB": 189.61922030825025, "Change_USD_TON": -99, "Change_USD_LB": -4.4877606527651865, "Highest_USD_TON": 4254, "Highest_USD_LB": 192.83771532184952, "Lowest_USD_TON": 4183, "Lowest_USD_LB": 189.61922030825025, "Mass_USD_TON": 107, "Mass_USD_LB": 4.850407978241161, "Open_USD_TON": 4254, "Open_USD_LB": 192.83771532184952, "Day_before_USD_TON": 4282, "Day_before_USD_LB": 194.10698096101544, "Open_Contract_USD_TON": 1982, "Open_Contract_USD_LB": 89.84587488667272}], "New York": [{"Tenure": "12/24", "Match_price_USD_TON": 5588.901, "Match_price_USD_LB": 253.35, "Change_USD_TON": -155.523, "Change_USD_LB": -7.05, "Highest_USD_TON": 5734.496999999999, "Highest_USD_LB": 259.95, "Lowest_USD_TON": 5575.665, "Lowest_USD_LB": 252.75, "Mass_USD_TON": 1084646.0799999998, "Mass_USD_LB": 49168, "Open_USD_TON": 5691.48, "Open_USD_LB": 258.0, "Day_before_USD_TON": 5744.423999999999, "Day_before_USD_LB": 260.4, "Open_Contract_USD_TON": 1175709.76, "Open_Contract_USD_LB": 53296}, {"Tenure": "03/25", "Match_price_USD_TON": 5583.3859999999995, "Match_price_USD_LB": 253.1, "Change_USD_TON": -146.699, "Change_USD_LB": -6.65, "Highest_USD_TON": 5721.261, "Highest_USD_LB": 259.35, "Lowest_USD_TON": 5572.356, "Lowest_USD_LB": 252.6, "Mass_USD_TON": 1100154.26, "Mass_USD_LB": 49871, "Open_USD_TON": 5669.42, "Open_USD_LB": 257.0, "Day_before_USD_TON": 5730.085, "Day_before_USD_LB": 259.75, "Open_Contract_USD_TON": 1853194.42, "Open_Contract_USD_LB": 84007}, {"Tenure": "05/25", "Match_price_USD_TON": 5554.708, "Match_price_USD_LB": 251.8, "Change_USD_TON": -144.493, "Change_USD_LB": -6.55, "Highest_USD_TON": 5685.964999999999, "Highest_USD_LB": 257.75, "Lowest_USD_TON": 5543.678, "Lowest_USD_LB": 251.3, "Mass_USD_TON": 346805.25999999995, "Mass_USD_LB": 15721, "Open_USD_TON": 5636.33, "Open_USD_LB": 255.5, "Day_before_USD_TON": 5699.201, "Day_before_USD_LB": 258.35, "Open_Contract_USD_TON": 812624.22, "Open_Contract_USD_LB": 36837}, {"Tenure": "07/25", "Match_price_USD_TON": 5499.558, "Match_price_USD_LB": 249.3, "Change_USD_TON": -142.287, "Change_USD_LB": -6.45, "Highest_USD_TON": 5626.403, "Highest_USD_LB": 255.05, "Lowest_USD_TON": 5487.424999999999, "Lowest_USD_LB": 248.75, "Mass_USD_TON": 134477.75999999998, "Mass_USD_LB": 6096, "Open_USD_TON": 5583.3859999999995, "Open_USD_LB": 253.1, "Day_before_USD_TON": 5641.844999999999, "Day_before_USD_LB": 255.75, "Open_Contract_USD_TON": 402109.68, "Open_Contract_USD_LB": 18228}]}}